{
  "train_loss": [
    2.6936748027801514,
    2.205227851867676,
    1.9895668029785156,
    1.781044602394104,
    1.6615822315216064,
    1.5797964334487915,
    1.520787239074707,
    1.4555490016937256,
    1.3991708755493164,
    1.3573217391967773,
    1.3041157722473145,
    1.2534589767456055,
    1.21842360496521,
    1.1678701639175415,
    1.125484585762024,
    1.076244831085205,
    1.0412328243255615,
    1.0096722841262817,
    0.9822348952293396,
    0.9474600553512573,
    0.9275534749031067,
    0.9004751443862915,
    0.8597277402877808,
    0.8269389867782593,
    0.8062983155250549,
    0.7829409837722778,
    0.7608862519264221,
    0.7297484874725342,
    0.711323082447052,
    0.6950180530548096,
    0.6795194149017334,
    0.65767902135849,
    0.6357828974723816,
    0.6298037171363831,
    0.6077726483345032,
    0.590543806552887,
    0.572961688041687,
    0.5622495412826538,
    0.5409569144248962,
    0.5347057580947876,
    0.5141916871070862,
    0.5107210874557495,
    0.5000104308128357,
    0.48439836502075195,
    0.46737274527549744,
    0.4580017924308777,
    0.46135663986206055,
    0.4449569284915924,
    0.4418308138847351,
    0.42431414127349854,
    0.4145137071609497,
    0.40026912093162537,
    0.38543856143951416,
    0.3834698498249054,
    0.3690035343170166,
    0.35881587862968445,
    0.35720452666282654,
    0.33865785598754883,
    0.324983686208725,
    0.31468161940574646,
    0.31693771481513977,
    0.30510109663009644,
    0.29479336738586426,
    0.28866273164749146,
    0.27232760190963745,
    0.27052170038223267,
    0.2646351754665375,
    0.25246062874794006,
    0.25800707936286926,
    0.24462661147117615,
    0.23837701976299286,
    0.2398233413696289,
    0.23120997846126556,
    0.2248184084892273,
    0.22198700904846191,
    0.21634075045585632,
    0.20798362791538239,
    0.20825925469398499,
    0.20868736505508423,
    0.20328494906425476,
    0.19892413914203644,
    0.1958453208208084,
    0.18989908695220947,
    0.18601004779338837,
    0.18456943333148956,
    0.18621526658535004,
    0.185163214802742,
    0.17537528276443481,
    0.17657983303070068,
    0.16761790215969086,
    0.16780628263950348,
    0.16278836131095886,
    0.16160908341407776,
    0.15098072588443756,
    0.15284524857997894,
    0.15336887538433075,
    0.15112830698490143,
    0.14124710857868195,
    0.14849339425563812,
    0.14270858466625214
  ],
  "train_acc": [
    0.12645187354812645,
    0.36036763963236035,
    0.3951116048883951,
    0.462983537016463,
    0.49106150893849104,
    0.5102514897485102,
    0.5302494697505302,
    0.5525704474295525,
    0.5813554186445814,
    0.5828704171295829,
    0.5975154024845976,
    0.6154933845066155,
    0.6252903747096253,
    0.6409453590546409,
    0.6499343500656499,
    0.6657913342086658,
    0.6725583274416725,
    0.6906373093626906,
    0.6944753055246945,
    0.7077062922937077,
    0.7103322896677103,
    0.7170992829007171,
    0.7292192707807292,
    0.7428542571457428,
    0.7442682557317443,
    0.7526512473487527,
    0.7597212402787598,
    0.7678012321987678,
    0.7721442278557722,
    0.7750732249267751,
    0.7829512170487829,
    0.7870922129077871,
    0.7929502070497929,
    0.7964852035147965,
    0.8066861933138066,
    0.8103221896778103,
    0.8166851833148167,
    0.8174931825068175,
    0.8241591758408242,
    0.8252701747298252,
    0.8321381678618321,
    0.832037167962832,
    0.8347641652358347,
    0.8408241591758409,
    0.8465811534188465,
    0.8502171497828502,
    0.8496111503888496,
    0.8578931421068579,
    0.8573881426118574,
    0.8663771336228664,
    0.8662761337238662,
    0.8725381274618725,
    0.8803151196848803,
    0.8818301181698819,
    0.8842541157458843,
    0.8872841127158873,
    0.8884961115038885,
    0.895970104029896,
    0.9033430966569034,
    0.9088980911019089,
    0.9017270982729018,
    0.9065750934249066,
    0.908999091000909,
    0.9131400868599131,
    0.9178870821129179,
    0.9192000807999192,
    0.9206140793859207,
    0.925058074941925,
    0.9204120795879204,
    0.9264720735279265,
    0.9294010705989294,
    0.9263710736289263,
    0.9275830724169276,
    0.9328350671649328,
    0.9327340672659328,
    0.9347540652459347,
    0.9403090596909404,
    0.935966064033936,
    0.9370770629229371,
    0.9403090596909404,
    0.9402080597919402,
    0.9373800626199373,
    0.9441470558529441,
    0.9454600545399454,
    0.9447530552469448,
    0.9450560549439451,
    0.9421270578729422,
    0.9465710534289465,
    0.9461670538329462,
    0.9501060498939501,
    0.9499040500959499,
    0.9514190485809514,
    0.9519240480759519,
    0.9544490455509544,
    0.9567720432279567,
    0.9553580446419554,
    0.9554590445409554,
    0.9609130390869609,
    0.9562670437329562,
    0.9605090394909606
  ],
  "val_loss": [
    3.922592878341675,
    3.525595188140869,
    2.622504472732544,
    2.264681816101074,
    2.2659711837768555,
    2.17976713180542,
    2.0456199645996094,
    1.9478102922439575,
    1.8684619665145874,
    1.8054530620574951,
    1.7637473344802856,
    1.728372573852539,
    1.7083545923233032,
    1.6925904750823975,
    1.6778491735458374,
    1.660729169845581,
    1.6420648097991943,
    1.6274551153182983,
    1.612026333808899,
    1.6058976650238037,
    1.6065548658370972,
    1.606907606124878,
    1.6040931940078735,
    1.6009160280227661,
    1.6007453203201294,
    1.6074477434158325,
    1.6186749935150146,
    1.6203484535217285,
    1.6120390892028809,
    1.6091012954711914,
    1.6146408319473267,
    1.6297664642333984,
    1.65542471408844,
    1.671466588973999,
    1.6752232313156128,
    1.670801043510437,
    1.6693249940872192,
    1.6695553064346313,
    1.6897532939910889,
    1.7039539813995361,
    1.7148163318634033,
    1.7119172811508179,
    1.719469666481018,
    1.7271794080734253,
    1.73151433467865,
    1.7270457744598389,
    1.7234153747558594,
    1.7420092821121216,
    1.768459439277649,
    1.785151720046997,
    1.776711106300354,
    1.7659482955932617,
    1.7700103521347046,
    1.7728850841522217,
    1.7845540046691895,
    1.8029757738113403,
    1.8251709938049316,
    1.8406827449798584,
    1.855654239654541,
    1.8610565662384033,
    1.8529036045074463,
    1.8390947580337524,
    1.8311766386032104,
    1.8386008739471436,
    1.8599679470062256,
    1.8752963542938232,
    1.8664865493774414,
    1.8543510437011719,
    1.837180733680725,
    1.8260469436645508,
    1.83553946018219,
    1.8585872650146484,
    1.88057279586792,
    1.8688931465148926,
    1.8648184537887573,
    1.8605531454086304,
    1.862678050994873,
    1.8625781536102295,
    1.8611029386520386,
    1.8848328590393066,
    1.896125316619873,
    1.8874555826187134,
    1.8828359842300415,
    1.8895881175994873,
    1.8954052925109863,
    1.9139654636383057,
    1.9354265928268433,
    1.9543219804763794,
    1.9191035032272339,
    1.8957712650299072,
    1.8887208700180054,
    1.900512456893921,
    1.9036893844604492,
    1.9246861934661865,
    1.9417657852172852,
    1.9454044103622437,
    1.9373486042022705,
    1.9294906854629517,
    1.9291139841079712,
    1.9510101079940796
  ],